{
    "x": -1342.554443359375,
    "h": 0.0,
    "z": 4.83847618103027,
    "y": -1283.5830078125
}