{
    "h": 0.0,
    "x": 246.2134552001953,
    "y": 652.4580078125,
    "z": 186.3973846435547
}