{
    "y": -1025.173828125,
    "z": 30.38507652282715,
    "h": 25.99999809265136,
    "x": -307.0383605957031
}